"","state","numcol","yieldpercol","totalprod","stocks","priceperlb","prodvalue","year","consumption"
"1","AL",16000,71,1136000,159000,0.72,818000,1998,977000
"2","AZ",55000,60,3300000,1485000,0.64,2112000,1998,1815000
"3","AR",53000,65,3445000,1688000,0.59,2033000,1998,1757000
"4","CA",450000,83,37350000,12326000,0.62,23157000,1998,25024000
"5","CO",27000,72,1944000,1594000,0.7,1361000,1998,350000
"6","FL",230000,98,22540000,4508000,0.64,14426000,1998,18032000
"7","GA",75000,56,4200000,307000,0.69,2898000,1998,3893000
"8","HI",8000,118,944000,66000,0.77,727000,1998,878000
"9","ID",120000,50,6e+06,2220000,0.65,3900000,1998,3780000
"10","IL",9000,71,639000,204000,1.19,760000,1998,435000
"11","IN",9000,92,828000,489000,0.85,704000,1998,339000
"12","IA",50000,78,3900000,2301000,0.7,2730000,1998,1599000
"13","KS",16000,46,736000,390000,0.87,640000,1998,346000
"14","KY",3000,50,150000,51000,1.4,210000,1998,99000
"15","LA",41000,111,4551000,865000,0.59,2685000,1998,3686000
"16","ME",10000,26,260000,117000,0.69,179000,1998,143000
"17","MD",7000,44,308000,92000,1.1,339000,1998,216000
"18","MI",80000,85,6800000,3672000,0.66,4488000,1998,3128000
"19","MN",140000,79,11060000,2765000,0.65,7189000,1998,8295000
"20","MS",18000,86,1548000,898000,0.58,898000,1998,650000
"21","MO",23000,66,1518000,455000,0.76,1154000,1998,1063000
"22","MT",115000,122,14030000,5472000,0.64,8979000,1998,8558000
"23","NE",64000,70,4480000,2240000,0.86,3853000,1998,2240000
"24","NV",10000,46,460000,175000,1.65,759000,1998,285000
"25","NJ",11000,49,539000,167000,0.76,410000,1998,372000
"26","NM",14000,55,770000,470000,0.76,585000,1998,3e+05
"27","NY",65000,80,5200000,2444000,0.7,3640000,1998,2756000
"28","NC",8000,59,472000,151000,1.38,651000,1998,321000
"29","ND",230000,128,29440000,8832000,0.63,18547000,1998,20608000
"30","OH",18000,78,1404000,702000,0.83,1165000,1998,702000
"31","OK",4000,51,204000,63000,1.24,253000,1998,141000
"32","OR",50000,45,2250000,1620000,0.9,2025000,1998,630000
"33","PA",26000,66,1716000,789000,0.8,1373000,1998,927000
"34","SD",225000,95,21375000,10901000,0.64,13680000,1998,10474000
"35","TN",7000,64,448000,121000,1.32,591000,1998,327000
"36","TX",91000,77,7007000,1612000,0.62,4344000,1998,5395000
"37","UT",30000,58,1740000,557000,0.65,1131000,1998,1183000
"38","VT",6000,64,384000,207000,0.85,326000,1998,177000
"39","VA",8000,37,296000,86000,1.33,394000,1998,210000
"40","WA",58000,51,2958000,1361000,0.64,1893000,1998,1597000
"41","WV",6000,55,330000,155000,1.14,376000,1998,175000
"42","WI",89000,91,8099000,5264000,0.72,5831000,1998,2835000
"43","WY",46000,60,2760000,524000,0.68,1877000,1998,2236000
"44","AL",17000,68,1156000,185000,0.56,647000,1999,971000
"45","AZ",52000,62,3224000,1548000,0.62,1999000,1999,1676000
"46","AR",52000,89,4628000,2592000,0.53,2453000,1999,2036000
"47","CA",465000,60,27900000,9486000,0.55,15345000,1999,18414000
"48","CO",27000,76,2052000,1436000,0.68,1395000,1999,616000
"49","FL",228000,102,23256000,4186000,0.53,12326000,1999,19070000
"50","GA",65000,51,3315000,497000,0.64,2122000,1999,2818000
"51","HI",8000,80,640000,32000,0.8,512000,1999,608000
"52","ID",120000,48,5760000,3110000,0.59,3398000,1999,2650000
"53","IL",9000,66,594000,327000,1.15,683000,1999,267000
"54","IN",10000,81,810000,437000,0.9,729000,1999,373000
"55","IA",40000,65,2600000,2028000,0.65,1690000,1999,572000
"56","KS",13000,67,871000,854000,1.11,967000,1999,17000
"57","KY",3000,50,150000,12000,1.24,186000,1999,138000
"58","LA",48000,114,5472000,821000,0.49,2681000,1999,4651000
"59","ME",14000,22,308000,89000,0.83,256000,1999,219000
"60","MD",6000,46,276000,50000,1.64,453000,1999,226000
"61","MI",73000,85,6205000,3475000,0.66,4095000,1999,2730000
"62","MN",145000,82,11890000,3210000,0.61,7253000,1999,8680000
"63","MS",18000,73,1314000,591000,0.54,710000,1999,723000
"64","MO",24000,65,1560000,437000,0.68,1061000,1999,1123000
"65","MT",122000,70,8540000,2135000,0.6,5124000,1999,6405000
"66","NE",58000,77,4466000,1965000,0.61,2724000,1999,2501000
"67","NV",9000,45,405000,271000,1.54,624000,1999,134000
"68","NJ",10000,44,440000,154000,0.57,251000,1999,286000
"69","NM",15000,52,780000,476000,0.77,601000,1999,304000
"70","NY",69000,70,4830000,2077000,0.66,3188000,1999,2753000
"71","NC",9000,46,414000,104000,1.62,671000,1999,310000
"72","ND",255000,105,26775000,8836000,0.59,15797000,1999,17939000
"73","OH",20000,74,1480000,784000,0.72,1066000,1999,696000
"74","OK",6000,45,270000,49000,1.34,362000,1999,221000
"75","OR",45000,57,2565000,2026000,0.8,2052000,1999,539000
"76","PA",28000,60,1680000,790000,0.76,1277000,1999,890000
"77","SD",224000,104,23296000,13046000,0.6,13978000,1999,10250000
"78","TN",8000,51,408000,106000,1.3,530000,1999,302000
"79","TX",108000,81,8748000,2799000,0.64,5599000,1999,5949000
"80","UT",26000,45,1170000,433000,0.68,796000,1999,737000
"81","VT",6000,66,396000,222000,0.63,249000,1999,174000
"82","VA",7000,35,245000,86000,1.17,287000,1999,159000
"83","WA",52000,50,2600000,1170000,0.6,1560000,1999,1430000
"84","WV",6000,39,234000,152000,1.09,255000,1999,82000
"85","WI",80000,75,6e+06,4560000,0.68,4080000,1999,1440000
"86","WY",37000,72,2664000,746000,0.61,1625000,1999,1918000
"87","AL",16000,78,1248000,187000,0.59,736000,2000,1061000
"88","AZ",40000,59,2360000,1322000,0.73,1723000,2000,1038000
"89","AR",52000,93,4836000,3337000,0.57,2757000,2000,1499000
"90","CA",440000,70,30800000,11396000,0.59,18172000,2000,19404000
"91","CO",29000,60,1740000,957000,0.62,1079000,2000,783000
"92","FL",232000,105,24360000,2923000,0.54,13154000,2000,21437000
"93","GA",55000,57,3135000,376000,0.63,1975000,2000,2759000
"94","HI",7000,112,784000,125000,0.82,643000,2000,659000
"95","ID",1e+05,47,4700000,2679000,0.52,2444000,2000,2021000
"96","IL",8000,61,488000,146000,1.17,571000,2000,342000
"97","IN",8000,65,520000,286000,1.03,536000,2000,234000
"98","IA",30000,67,2010000,1206000,0.68,1367000,2000,804000
"99","KS",15000,68,1020000,520000,0.91,928000,2000,5e+05
"100","KY",4000,48,192000,54000,1.35,259000,2000,138000
"101","LA",43000,94,4042000,1334000,0.52,2102000,2000,2708000
"102","ME",11000,21,231000,143000,0.75,173000,2000,88000
"103","MD",6000,46,276000,52000,1.14,315000,2000,224000
"104","MI",72000,75,5400000,2970000,0.6,3240000,2000,2430000
"105","MN",150000,90,13500000,3105000,0.57,7695000,2000,10395000
"106","MS",17000,72,1224000,649000,0.69,845000,2000,575000
"107","MO",23000,75,1725000,362000,0.6,1035000,2000,1363000
"108","MT",124000,88,10912000,4692000,0.59,6438000,2000,6220000
"109","NE",50000,87,4350000,2610000,0.59,2567000,2000,1740000
"110","NV",10000,35,350000,95000,1.45,508000,2000,255000
"111","NJ",11000,35,385000,2e+05,0.61,235000,2000,185000
"112","NM",15000,64,960000,739000,0.72,691000,2000,221000
"113","NY",58000,80,4640000,2274000,0.55,2552000,2000,2366000
"114","NC",11000,49,539000,243000,1.43,771000,2000,296000
"115","ND",3e+05,115,34500000,13800000,0.57,19665000,2000,20700000
"116","OH",18000,65,1170000,585000,0.79,924000,2000,585000
"117","OK",7000,35,245000,64000,1.26,309000,2000,181000
"118","OR",48000,51,2448000,1665000,0.66,1616000,2000,783000
"119","PA",25000,45,1125000,630000,0.76,855000,2000,495000
"120","SD",235000,121,28435000,12796000,0.58,16492000,2000,15639000
"121","TN",9000,61,549000,104000,1.43,785000,2000,445000
"122","TX",105000,79,8295000,2986000,0.57,4728000,2000,5309000
"123","UT",24000,41,984000,462000,0.6,590000,2000,522000
"124","VT",7000,59,413000,211000,0.68,281000,2000,202000
"125","VA",7000,42,294000,103000,1.5,441000,2000,191000
"126","WA",52000,54,2808000,1151000,0.58,1629000,2000,1657000
"127","WV",7000,54,378000,234000,1.22,461000,2000,144000
"128","WI",84000,90,7560000,4385000,0.68,5141000,2000,3175000
"129","WY",39000,93,3627000,798000,0.59,2140000,2000,2829000
"130","AL",14000,73,1022000,235000,0.72,736000,2001,787000
"131","AZ",43000,59,2537000,1142000,0.72,1827000,2001,1395000
"132","AR",50000,98,4900000,1617000,0.65,3185000,2001,3283000
"133","CA",460000,61,28060000,7857000,0.69,19361000,2001,20203000
"134","CO",26000,55,1430000,529000,0.71,1015000,2001,901000
"135","FL",220000,100,2.2e+07,3432000,0.64,14080000,2001,18568000
"136","GA",55000,57,3135000,188000,0.7,2195000,2001,2947000
"137","HI",8000,87,696000,84000,0.87,606000,2001,612000
"138","ID",1e+05,46,4600000,1610000,0.67,3082000,2001,2990000
"139","IL",6000,76,456000,251000,1.58,720000,2001,205000
"140","IN",7000,76,532000,186000,0.92,489000,2001,346000
"141","IA",33000,51,1683000,875000,0.75,1262000,2001,808000
"142","KS",13000,51,663000,530000,0.96,636000,2001,133000
"143","KY",4000,78,312000,125000,1.41,440000,2001,187000
"144","LA",45000,106,4770000,572000,0.6,2862000,2001,4198000
"145","ME",11000,20,220000,106000,0.79,174000,2001,114000
"146","MD",4000,46,184000,55000,1.6,294000,2001,129000
"147","MI",76000,60,4560000,2827000,0.81,3694000,2001,1733000
"148","MN",135000,81,10935000,1859000,0.65,7108000,2001,9076000
"149","MS",17000,66,1122000,224000,0.89,999000,2001,898000
"150","MO",22000,61,1342000,336000,0.71,953000,2001,1006000
"151","MT",136000,102,13872000,4578000,0.67,9294000,2001,9294000
"152","NE",43000,48,2064000,1115000,0.72,1486000,2001,949000
"153","NV",9000,50,450000,36000,2.14,963000,2001,414000
"154","NJ",11000,34,374000,71000,0.85,318000,2001,303000
"155","NM",10000,70,7e+05,350000,0.66,462000,2001,350000
"156","NY",53000,70,3710000,1781000,0.79,2931000,2001,1929000
"157","NC",13000,44,572000,172000,1.48,847000,2001,4e+05
"158","ND",280000,96,26880000,9408000,0.69,18547000,2001,17472000
"159","OH",18000,81,1458000,569000,1.01,1473000,2001,889000
"160","OK",4000,47,188000,105000,1.43,269000,2001,83000
"161","OR",44000,44,1936000,1200000,0.74,1433000,2001,736000
"162","PA",26000,57,1482000,785000,0.92,1363000,2001,697000
"163","SC",7000,40,280000,67000,0.79,221000,2001,213000
"164","SD",235000,65,15275000,12220000,0.71,10845000,2001,3055000
"165","TN",8000,59,472000,131000,1.39,656000,2001,341000
"166","TX",97000,79,7663000,1533000,0.65,4981000,2001,6130000
"167","UT",23000,38,874000,315000,0.65,568000,2001,559000
"168","VT",7000,81,567000,249000,0.92,522000,2001,318000
"169","VA",9000,52,468000,94000,1.26,590000,2001,374000
"170","WA",48000,52,2496000,1048000,0.72,1797000,2001,1448000
"171","WV",7000,65,455000,410000,1.42,646000,2001,45000
"172","WI",67000,81,5427000,3419000,0.82,4450000,2001,2008000
"173","WY",38000,77,2926000,468000,0.65,1902000,2001,2458000
"174","AL",12000,86,1032000,103000,1.18,1218000,2002,929000
"175","AZ",38000,63,2394000,1197000,1.08,2586000,2002,1197000
"176","AR",45000,88,3960000,871000,1.26,4990000,2002,3089000
"177","CA",470000,50,23500000,3525000,1.32,31020000,2002,19975000
"178","CO",24000,60,1440000,576000,1.29,1858000,2002,864000
"179","FL",220000,93,20460000,2026000,1.14,23324000,2002,18434000
"180","GA",50000,52,2600000,52000,1.13,2938000,2002,2548000
"181","HI",7000,136,952000,29000,1.11,1057000,2002,923000
"182","ID",1e+05,57,5700000,1653000,1.37,7809000,2002,4047000
"183","IL",9000,80,720000,130000,1.47,1058000,2002,590000
"184","IN",8000,62,496000,233000,1.19,590000,2002,263000
"185","IA",33000,70,2310000,901000,1.43,3303000,2002,1409000
"186","KS",17000,52,884000,407000,1.5,1326000,2002,477000
"187","KY",5000,54,270000,78000,1.63,440000,2002,192000
"188","LA",35000,124,4340000,347000,1.16,5034000,2002,3993000
"189","ME",11000,41,451000,266000,1.21,546000,2002,185000
"190","MD",3000,46,138000,21000,1.96,270000,2002,117000
"191","MI",72000,77,5544000,1885000,1.4,7762000,2002,3659000
"192","MN",117000,73,8541000,1110000,1.47,12555000,2002,7431000
"193","MS",18000,78,1404000,281000,1.23,1727000,2002,1123000
"194","MO",18000,50,9e+05,189000,1.42,1278000,2002,711000
"195","MT",134000,63,8442000,1097000,1.38,11650000,2002,7345000
"196","NE",43000,75,3225000,1161000,1.49,4805000,2002,2064000
"197","NV",9000,62,558000,61000,2.67,1490000,2002,497000
"198","NJ",11000,40,440000,92000,1,440000,2002,348000
"199","NM",11000,44,484000,252000,1.1,532000,2002,232000
"200","NY",60000,98,5880000,2470000,1.25,7350000,2002,3410000
"201","NC",16000,42,672000,74000,1.41,948000,2002,598000
"202","ND",320000,75,2.4e+07,8160000,1.46,35040000,2002,15840000
"203","OH",18000,70,1260000,504000,1.44,1814000,2002,756000
"204","OK",3000,53,159000,51000,1.63,259000,2002,108000
"205","OR",43000,49,2107000,885000,1.35,2844000,2002,1222000
"206","PA",29000,57,1653000,827000,1.34,2215000,2002,826000
"207","SC",5000,94,470000,14000,1.25,588000,2002,456000
"208","SD",225000,51,11475000,2410000,1.42,16295000,2002,9065000
"209","TN",8000,61,488000,137000,1.4,683000,2002,351000
"210","TX",114000,67,7638000,985000,1.14,8707000,2002,6653000
"211","UT",22000,59,1298000,208000,1.3,1687000,2002,1090000
"212","VT",7000,89,623000,274000,1.2,748000,2002,349000
"213","VA",8000,38,304000,79000,1.9,578000,2002,225000
"214","WA",50000,51,2550000,561000,1.27,3239000,2002,1989000
"215","WV",9000,51,459000,151000,1.32,606000,2002,308000
"216","WI",70000,95,6650000,2461000,1.34,8911000,2002,4189000
"217","WY",38000,63,2394000,383000,1.33,3184000,2002,2011000
"218","AL",13000,82,1066000,43000,1.24,1322000,2003,1023000
"219","AZ",35000,72,2520000,983000,1.34,3377000,2003,1537000
"220","AR",40000,75,3e+06,810000,1.26,3780000,2003,2190000
"221","CA",480000,67,32160000,6432000,1.39,44702000,2003,25728000
"222","CO",24000,86,2064000,722000,1.4,2890000,2003,1342000
"223","FL",210000,71,14910000,1491000,1.32,19681000,2003,13419000
"224","GA",52000,65,3380000,270000,1.28,4326000,2003,3110000
"225","HI",7000,114,798000,43000,1.45,1157000,2003,755000
"226","ID",1e+05,46,4600000,1380000,1.33,6118000,2003,3220000
"227","IL",7000,60,420000,252000,1.83,769000,2003,168000
"228","IN",5000,56,280000,78000,1.66,465000,2003,202000
"229","IA",32000,59,1888000,868000,1.42,2681000,2003,1020000
"230","KS",16000,57,912000,447000,1.41,1286000,2003,465000
"231","KY",5000,48,240000,14000,1.67,401000,2003,226000
"232","LA",34000,90,3060000,275000,1.24,3794000,2003,2785000
"233","ME",8000,33,264000,145000,1.41,372000,2003,119000
"234","MD",2000,42,84000,21000,1.93,162000,2003,63000
"235","MI",65000,74,4810000,1732000,1.41,6782000,2003,3078000
"236","MN",120000,83,9960000,1892000,1.44,14342000,2003,8068000
"237","MS",21000,69,1449000,246000,1.29,1869000,2003,1203000
"238","MO",17000,53,901000,189000,1.41,1270000,2003,712000
"239","MT",145000,66,9570000,1914000,1.44,13781000,2003,7656000
"240","NE",45000,74,3330000,1299000,1.38,4595000,2003,2031000
"241","NV",6000,64,384000,46000,2.04,783000,2003,338000
"242","NJ",10000,19,190000,101000,1.6,304000,2003,89000
"243","NM",6000,41,246000,108000,1.2,295000,2003,138000
"244","NY",67000,72,4824000,1640000,1.36,6561000,2003,3184000
"245","NC",10000,44,440000,79000,1.92,845000,2003,361000
"246","ND",340000,87,29580000,6803000,1.36,40229000,2003,22777000
"247","OH",15000,50,750000,278000,1.4,1050000,2003,472000
"248","OK",3000,47,141000,69000,1.84,259000,2003,72000
"249","OR",42000,51,2142000,964000,1.27,2720000,2003,1178000
"250","PA",27000,50,1350000,419000,1.44,1944000,2003,931000
"251","SC",4000,70,280000,8000,1.89,529000,2003,272000
"252","SD",215000,70,15050000,2709000,1.43,21522000,2003,12341000
"253","TN",6000,40,240000,46000,1.52,365000,2003,194000
"254","TX",140000,67,9380000,1126000,1.4,13132000,2003,8254000
"255","UT",25000,57,1425000,157000,1.28,1824000,2003,1268000
"256","VT",7000,83,581000,163000,1.96,1139000,2003,418000
"257","VA",6000,37,222000,69000,1.68,373000,2003,153000
"258","WA",58000,56,3248000,942000,1.46,4742000,2003,2306000
"259","WV",8000,47,376000,194000,1.89,711000,2003,182000
"260","WI",74000,77,5698000,2678000,1.47,8376000,2003,3020000
"261","WY",39000,81,3159000,474000,1.41,4454000,2003,2685000
"262","AL",12000,87,1044000,282000,1.41,1472000,2004,762000
"263","AZ",32000,55,1760000,774000,1.11,1954000,2004,986000
"264","AR",40000,57,2280000,388000,0.87,1984000,2004,1892000
"265","CA",390000,45,17550000,5792000,1.05,18428000,2004,11758000
"266","CO",23000,80,1840000,791000,1.35,2484000,2004,1049000
"267","FL",205000,98,20090000,2009000,1.02,20492000,2004,18081000
"268","GA",63000,49,3087000,648000,1.2,3704000,2004,2439000
"269","HI",8000,96,768000,77000,1.59,1221000,2004,691000
"270","ID",1e+05,63,6300000,2520000,1.02,6426000,2004,3780000
"271","IL",7000,55,385000,193000,1.86,716000,2004,192000
"272","IN",7000,59,413000,145000,1.47,607000,2004,268000
"273","IA",35000,67,2345000,1337000,1.06,2486000,2004,1008000
"274","KS",14000,80,1120000,683000,1.18,1322000,2004,437000
"275","KY",5000,56,280000,34000,1.96,549000,2004,246000
"276","LA",35000,98,3430000,240000,0.79,2710000,2004,3190000
"277","ME",7000,31,217000,37000,1.28,278000,2004,180000
"278","MI",65000,67,4355000,2439000,1.16,5052000,2004,1916000
"279","MN",135000,75,10125000,1924000,1.08,10935000,2004,8201000
"280","MS",18000,65,1170000,421000,0.79,924000,2004,749000
"281","MO",16000,41,656000,151000,1.36,892000,2004,505000
"282","MT",140000,77,10780000,3773000,1.08,11642000,2004,7007000
"283","NE",51000,89,4539000,2043000,1.01,4584000,2004,2496000
"284","NV",14000,55,770000,316000,1.78,1371000,2004,454000
"285","NJ",12000,27,324000,45000,1.4,454000,2004,279000
"286","NM",8000,44,352000,127000,1.19,419000,2004,225000
"287","NY",64000,67,4288000,1887000,1.36,5832000,2004,2401000
"288","NC",9000,40,360000,72000,1.93,695000,2004,288000
"289","ND",390000,78,30420000,9126000,1.05,31941000,2004,21294000
"290","OH",16000,58,928000,353000,1.53,1420000,2004,575000
"291","OR",42000,54,2268000,1111000,1.21,2744000,2004,1157000
"292","PA",30000,54,1620000,810000,1.42,2300000,2004,810000
"293","SD",215000,105,22575000,13545000,1.01,22801000,2004,9030000
"294","TN",6000,54,324000,91000,1.73,561000,2004,233000
"295","TX",116000,76,8816000,1411000,0.97,8552000,2004,7405000
"296","UT",24000,70,1680000,554000,1.1,1848000,2004,1126000
"297","VT",6000,68,408000,192000,1.51,616000,2004,216000
"298","VA",7000,38,266000,69000,2.1,559000,2004,197000
"299","WA",56000,63,3528000,1376000,0.98,3457000,2004,2152000
"300","WV",9000,55,495000,183000,1.41,698000,2004,312000
"301","WI",68000,86,5848000,2632000,1.19,6959000,2004,3216000
"302","WY",39000,75,2925000,380000,1.1,3218000,2004,2545000
"303","AL",13000,66,858000,266000,1.02,875000,2005,592000
"304","AZ",36000,50,1800000,720000,1.04,1872000,2005,1080000
"305","AR",36000,69,2484000,571000,0.97,2409000,2005,1913000
"306","CA",4e+05,75,3e+07,9300000,0.86,25800000,2005,20700000
"307","CO",28000,70,1960000,902000,0.97,1901000,2005,1058000
"308","FL",160000,86,13760000,2477000,0.87,11971000,2005,11283000
"309","GA",59000,49,2891000,434000,0.89,2573000,2005,2457000
"310","HI",9000,131,1179000,283000,1.43,1686000,2005,896000
"311","ID",95000,37,3515000,1793000,0.8,2812000,2005,1722000
"312","IL",8000,85,680000,408000,1.84,1251000,2005,272000
"313","IN",8000,64,512000,189000,1.18,604000,2005,323000
"314","IA",28000,88,2464000,1232000,1.21,2981000,2005,1232000
"315","KS",16000,50,8e+05,328000,1.05,840000,2005,472000
"316","KY",5000,50,250000,40000,2.08,520000,2005,210000
"317","LA",35000,97,3395000,611000,0.72,2444000,2005,2784000
"318","ME",8000,26,208000,193000,1.66,345000,2005,15000
"319","MI",65000,68,4420000,2519000,0.94,4155000,2005,1901000
"320","MN",120000,74,8880000,1598000,0.9,7992000,2005,7282000
"321","MS",16000,80,1280000,346000,0.67,858000,2005,934000
"322","MO",15000,50,750000,180000,1.22,915000,2005,570000
"323","MT",130000,67,8710000,3136000,0.86,7491000,2005,5574000
"324","NE",40000,68,2720000,2530000,0.87,2366000,2005,190000
"325","NV",12000,46,552000,442000,3.11,1717000,2005,110000
"326","NJ",12000,32,384000,104000,1.2,461000,2005,280000
"327","NM",7000,49,343000,113000,1.03,353000,2005,230000
"328","NY",59000,73,4307000,2283000,1.34,5771000,2005,2024000
"329","NC",10000,54,540000,146000,1.88,1015000,2005,394000
"330","ND",370000,91,33670000,8418000,0.83,27946000,2005,25252000
"331","OH",15000,69,1035000,580000,1.4,1449000,2005,455000
"332","OR",39000,42,1638000,557000,1.08,1769000,2005,1081000
"333","PA",28000,56,1568000,8e+05,1.12,1756000,2005,768000
"334","SD",220000,79,17380000,11818000,0.83,14425000,2005,5562000
"335","TN",7000,55,385000,92000,1.67,643000,2005,293000
"336","TX",84000,71,5964000,954000,0.86,5129000,2005,5010000
"337","UT",24000,45,1080000,346000,0.95,1026000,2005,734000
"338","VT",6000,91,546000,169000,1.12,612000,2005,377000
"339","VA",8000,37,296000,59000,2.2,651000,2005,237000
"340","WA",51000,55,2805000,1935000,1.01,2833000,2005,870000
"341","WV",8000,51,408000,102000,1.29,526000,2005,306000
"342","WI",64000,83,5312000,2922000,1.14,6056000,2005,2390000
"343","WY",40000,56,2240000,291000,0.89,1994000,2005,1949000
"344","AL",11000,72,792000,230000,1.21,958000,2006,562000
"345","AZ",30000,65,1950000,839000,0.91,1775000,2006,1111000
"346","AR",32000,76,2432000,730000,0.89,2164000,2006,1702000
"347","CA",380000,52,19760000,7706000,0.97,19167000,2006,12054000
"348","CO",36000,75,2700000,1458000,1.04,2808000,2006,1242000
"349","FL",170000,81,13770000,1790000,1,13770000,2006,11980000
"350","GA",63000,74,4662000,746000,1.2,5594000,2006,3916000
"351","HI",10000,93,930000,233000,1.21,1125000,2006,697000
"352","ID",95000,44,4180000,2592000,0.97,4055000,2006,1588000
"353","IL",10000,66,660000,356000,2.14,1412000,2006,304000
"354","IN",7000,54,378000,125000,1.58,597000,2006,253000
"355","IA",26000,84,2184000,1441000,1.37,2992000,2006,743000
"356","KS",14000,55,770000,246000,1.17,901000,2006,524000
"357","KY",5000,56,280000,70000,2.19,613000,2006,210000
"358","LA",30000,90,2700000,675000,0.9,2430000,2006,2025000
"359","ME",11000,23,253000,86000,1.6,405000,2006,167000
"360","MI",72000,55,3960000,2099000,1.15,4554000,2006,1861000
"361","MN",125000,80,1e+07,3300000,0.94,9400000,2006,6700000
"362","MS",14000,98,1372000,453000,0.93,1276000,2006,919000
"363","MO",15000,46,690000,117000,0.98,676000,2006,573000
"364","MT",132000,79,10428000,1981000,0.95,9907000,2006,8447000
"365","NE",47000,73,3431000,3843000,0.93,3191000,2006,-412000
"366","NV",9000,37,333000,50000,3.62,1205000,2006,283000
"367","NJ",9000,36,324000,152000,1.14,369000,2006,172000
"368","NM",7000,48,336000,104000,1.19,4e+05,2006,232000
"369","NY",58000,64,3712000,2376000,1.3,4826000,2006,1336000
"370","NC",10000,50,5e+05,215000,1.57,785000,2006,285000
"371","ND",350000,74,25900000,7770000,0.91,23569000,2006,18130000
"372","OH",14000,56,784000,282000,1.4,1098000,2006,502000
"373","OR",46000,48,2208000,729000,1.05,2318000,2006,1479000
"374","PA",28000,40,1120000,605000,1.63,1826000,2006,515000
"375","SD",225000,47,10575000,10575000,0.94,9941000,2006,0
"376","TN",7000,55,385000,58000,1.84,708000,2006,327000
"377","TX",82000,70,5740000,976000,0.89,5109000,2006,4764000
"378","UT",26000,50,1300000,299000,0.98,1274000,2006,1001000
"379","VT",6000,56,336000,144000,1.2,403000,2006,192000
"380","VA",8000,42,336000,114000,2.2,739000,2006,222000
"381","WA",49000,52,2548000,1605000,1.24,3160000,2006,943000
"382","WV",6000,42,252000,68000,2.02,509000,2006,184000
"383","WI",64000,93,5952000,2500000,1.12,6666000,2006,3452000
"384","WY",39000,85,3315000,497000,0.98,3249000,2006,2818000
"385","AL",11000,56,616000,209000,1.49,918000,2007,407000
"386","AZ",30000,64,1920000,902000,1.26,2419000,2007,1018000
"387","AR",28000,80,2240000,672000,0.95,2128000,2007,1568000
"388","CA",340000,40,13600000,3672000,1.04,14144000,2007,9928000
"389","CO",31000,51,1581000,838000,1.15,1818000,2007,743000
"390","FL",160000,71,11360000,1363000,0.99,11246000,2007,9997000
"391","GA",60000,58,3480000,522000,1.19,4141000,2007,2958000
"392","HI",10000,92,920000,285000,1.7,1564000,2007,635000
"393","ID",92000,41,3772000,1848000,1.15,4338000,2007,1924000
"394","IL",9000,63,567000,374000,2.49,1412000,2007,193000
"395","IN",8000,53,424000,119000,1.5,636000,2007,305000
"396","IA",26000,81,2106000,1221000,1.31,2759000,2007,885000
"397","KS",14000,40,560000,196000,1.18,661000,2007,364000
"398","KY",4000,61,244000,54000,2.12,517000,2007,190000
"399","LA",29000,89,2581000,413000,1.08,2787000,2007,2168000
"400","ME",9000,26,234000,59000,1.32,309000,2007,175000
"401","MI",72000,64,4608000,2350000,1.19,5484000,2007,2258000
"402","MN",130000,68,8840000,2564000,1.04,9194000,2007,6276000
"403","MS",15000,92,1380000,166000,0.91,1256000,2007,1214000
"404","MO",14000,46,644000,148000,1.12,721000,2007,496000
"405","MT",135000,68,9180000,2479000,0.99,9088000,2007,6701000
"406","NE",45000,49,2205000,1477000,1.03,2271000,2007,728000
"407","NV",10000,28,280000,67000,2.99,837000,2007,213000
"408","NJ",9000,57,513000,185000,1.96,1005000,2007,328000
"409","NM",6000,59,354000,138000,1.42,503000,2007,216000
"410","NY",53000,57,3021000,1843000,1.38,4169000,2007,1178000
"411","NC",12000,45,540000,76000,2.49,1345000,2007,464000
"412","ND",420000,74,31080000,9013000,0.96,29837000,2007,22067000
"413","OH",14000,61,854000,376000,1.77,1512000,2007,478000
"414","OR",46000,43,1978000,1088000,1.31,2591000,2007,890000
"415","PA",25000,42,1050000,326000,1.7,1785000,2007,724000
"416","SD",255000,52,13260000,10608000,1.02,13525000,2007,2652000
"417","TN",7000,65,455000,114000,1.99,905000,2007,341000
"418","TX",105000,82,8610000,1550000,0.96,8266000,2007,7060000
"419","UT",28000,42,1176000,270000,1.13,1329000,2007,906000
"420","VT",5000,64,320000,96000,1.7,544000,2007,224000
"421","VA",6000,46,276000,63000,2.43,671000,2007,213000
"422","WA",46000,44,2024000,648000,1.25,2530000,2007,1376000
"423","WV",6000,48,288000,95000,2.09,602000,2007,193000
"424","WI",60000,84,5040000,3024000,1.22,6149000,2007,2016000
"425","WY",43000,80,3440000,894000,1,3440000,2007,2546000
"426","AL",9000,66,594000,214000,1.9,1129000,2008,380000
"427","AZ",25000,64,1600000,336000,1.26,2016000,2008,1264000
"428","AR",28000,75,2100000,525000,1.35,2835000,2008,1575000
"429","CA",360000,51,18360000,4039000,1.39,25520000,2008,14321000
"430","CO",27000,45,1215000,656000,1.51,1835000,2008,559000
"431","FL",150000,79,11850000,1304000,1.32,15642000,2008,10546000
"432","GA",65000,71,4615000,369000,1.52,7015000,2008,4246000
"433","HI",10000,90,9e+05,225000,1.59,1431000,2008,675000
"434","ID",90000,40,3600000,1440000,1.46,5256000,2008,2160000
"435","IL",8000,56,448000,116000,2.59,1160000,2008,332000
"436","IN",7000,67,469000,150000,1.68,788000,2008,319000
"437","IA",24000,62,1488000,580000,1.58,2351000,2008,908000
"438","KS",10000,61,610000,128000,1.55,946000,2008,482000
"439","KY",4000,39,156000,27000,2.44,381000,2008,129000
"440","LA",40000,77,3080000,493000,1.36,4189000,2008,2587000
"441","ME",7000,42,294000,79000,1.57,462000,2008,215000
"442","MI",71000,73,5183000,2021000,1.44,7464000,2008,3162000
"443","MN",122000,78,9516000,2569000,1.39,13227000,2008,6947000
"444","MS",14000,98,1372000,110000,1.3,1784000,2008,1262000
"445","MO",11000,53,583000,152000,1.68,979000,2008,431000
"446","MT",134000,70,9380000,4596000,1.37,12851000,2008,4784000
"447","NE",36000,67,2412000,1254000,1.45,3497000,2008,1158000
"448","NV",10000,29,290000,52000,1.42,412000,2008,238000
"449","NJ",9000,40,360000,122000,1.62,583000,2008,238000
"450","NM",6000,48,288000,95000,1.48,426000,2008,193000
"451","NY",50000,70,3500000,1260000,1.65,5775000,2008,2240000
"452","NC",12000,52,624000,137000,2.18,1360000,2008,487000
"453","ND",4e+05,90,3.6e+07,8640000,1.36,48960000,2008,27360000
"454","OH",14000,53,742000,371000,1.68,1247000,2008,371000
"455","OR",50000,43,2150000,1097000,1.41,3032000,2008,1053000
"456","PA",23000,48,1104000,276000,1.65,1822000,2008,828000
"457","SD",225000,95,21375000,11970000,1.34,28643000,2008,9405000
"458","TN",7000,61,427000,149000,2.09,892000,2008,278000
"459","TX",77000,64,4928000,1380000,1.34,6604000,2008,3548000
"460","UT",28000,48,1344000,242000,1.57,2110000,2008,1102000
"461","VT",5000,66,330000,119000,2.2,726000,2008,211000
"462","VA",6000,42,252000,45000,2.42,610000,2008,207000
"463","WA",49000,44,2156000,862000,1.51,3256000,2008,1294000
"464","WV",6000,43,258000,49000,2.16,557000,2008,209000
"465","WI",58000,80,4640000,2366000,1.5,6960000,2008,2274000
"466","WY",39000,61,2379000,381000,1.37,3259000,2008,1998000
"467","AL",9000,50,450000,68000,1.86,837000,2009,382000
"468","AZ",20000,52,1040000,562000,1.45,1508000,2009,478000
"469","AR",24000,57,1368000,301000,1.42,1943000,2009,1067000
"470","CA",355000,33,11715000,2109000,1.39,16284000,2009,9606000
"471","CO",28000,53,1484000,326000,1.43,2122000,2009,1158000
"472","FL",170000,68,11560000,1618000,1.42,16415000,2009,9942000
"473","GA",65000,41,2665000,346000,1.47,3918000,2009,2319000
"474","HI",10000,95,950000,323000,1.76,1672000,2009,627000
"475","ID",103000,46,4738000,1706000,1.52,7202000,2009,3032000
"476","IL",8000,34,272000,57000,2.55,694000,2009,215000
"477","IN",9000,32,288000,101000,2.02,582000,2009,187000
"478","IA",26000,42,1092000,339000,1.6,1747000,2009,753000
"479","KS",9000,63,567000,164000,1.85,1049000,2009,403000
"480","KY",5000,35,175000,25000,2.71,474000,2009,150000
"481","LA",37000,103,3811000,610000,1.36,5183000,2009,3201000
"482","ME",6000,50,3e+05,51000,1.95,585000,2009,249000
"483","MI",66000,60,3960000,1505000,1.55,6138000,2009,2455000
"484","MN",122000,65,7930000,1427000,1.44,11419000,2009,6503000
"485","MS",14000,104,1456000,87000,1.32,1922000,2009,1369000
"486","MO",11000,47,517000,57000,1.99,1029000,2009,460000
"487","MT",146000,70,10220000,3577000,1.46,14921000,2009,6643000
"488","NE",48000,56,2688000,1102000,1.46,3924000,2009,1586000
"489","NJ",11000,32,352000,70000,2.36,831000,2009,282000
"490","NM",7000,60,420000,143000,1.59,668000,2009,277000
"491","NY",45000,65,2925000,936000,1.93,5645000,2009,1989000
"492","NC",11000,45,495000,84000,2.57,1272000,2009,411000
"493","ND",450000,77,34650000,7623000,1.38,47817000,2009,27027000
"494","OH",11000,50,550000,132000,2.81,1546000,2009,418000
"495","OR",55000,34,1870000,767000,1.54,2880000,2009,1103000
"496","PA",21000,40,840000,319000,2.03,1705000,2009,521000
"497","SD",270000,66,17820000,6237000,1.42,25304000,2009,11583000
"498","TN",7000,51,357000,86000,2.37,846000,2009,271000
"499","TX",89000,63,5607000,1065000,1.39,7794000,2009,4542000
"500","UT",26000,38,988000,198000,1.46,1442000,2009,790000
"501","VT",5000,49,245000,69000,2.01,492000,2009,176000
"502","VA",6000,39,234000,56000,3.45,807000,2009,178000
"503","WA",62000,44,2728000,1064000,1.58,4310000,2009,1664000
"504","WV",5000,37,185000,33000,2.6,481000,2009,152000
"505","WI",63000,60,3780000,1588000,1.58,5972000,2009,2192000
"506","WY",37000,48,1776000,391000,1.43,2540000,2009,1385000
"507","AL",9000,54,486000,73000,2.4,1166000,2010,413000
"508","AZ",24000,77,1848000,665000,1.52,2809000,2010,1183000
"509","AR",25000,60,1500000,360000,1.47,2205000,2010,1140000
"510","CA",410000,67,27470000,6318000,1.55,42579000,2010,21152000
"511","CO",34000,56,1904000,533000,1.52,2894000,2010,1371000
"512","FL",2e+05,69,13800000,1794000,1.56,21528000,2010,12006000
"513","GA",55000,46,2530000,152000,1.67,4225000,2010,2378000
"514","HI",10000,77,770000,239000,2.75,2118000,2010,531000
"515","ID",97000,27,2619000,1179000,1.61,4217000,2010,1440000
"516","IL",9000,41,369000,92000,2.78,1026000,2010,277000
"517","IN",10000,43,430000,151000,2.23,959000,2010,279000
"518","IA",27000,49,1323000,463000,1.92,2540000,2010,860000
"519","KS",9000,52,468000,103000,2.02,945000,2010,365000
"520","KY",5000,67,335000,67000,2.72,911000,2010,268000
"521","LA",36000,80,2880000,288000,1.5,4320000,2010,2592000
"522","ME",5000,41,205000,33000,2.05,420000,2010,172000
"523","MI",71000,58,4118000,1524000,1.67,6877000,2010,2594000
"524","MN",128000,66,8448000,1774000,1.55,13094000,2010,6674000
"525","MS",16000,98,1568000,78000,1.44,2258000,2010,1490000
"526","MO",11000,52,572000,92000,1.8,1030000,2010,480000
"527","MT",157000,74,11618000,2905000,1.58,18356000,2010,8713000
"528","NE",41000,55,2255000,902000,1.51,3405000,2010,1353000
"529","NJ",13000,35,455000,73000,1.9,865000,2010,382000
"530","NM",7000,66,462000,157000,1.58,730000,2010,305000
"531","NY",45000,64,2880000,1123000,1.96,5645000,2010,1757000
"532","NC",13000,46,598000,144000,2.66,1591000,2010,454000
"533","ND",510000,91,46410000,12995000,1.5,69615000,2010,33415000
"534","OH",18000,62,1116000,346000,2.28,2544000,2010,770000
"535","OR",59000,39,2301000,874000,1.63,3751000,2010,1427000
"536","PA",30000,37,1110000,377000,2.13,2364000,2010,733000
"537","SD",265000,58,15370000,4765000,1.51,23209000,2010,10605000
"538","TN",8000,63,504000,106000,2.5,1260000,2010,398000
"539","TX",1e+05,72,7200000,792000,1.51,10872000,2010,6408000
"540","UT",26000,30,780000,195000,1.53,1193000,2010,585000
"541","VT",4000,65,260000,73000,3.1,806000,2010,187000
"542","VA",5000,37,185000,37000,3.32,614000,2010,148000
"543","WA",71000,37,2627000,1077000,1.57,4124000,2010,1550000
"544","WV",5000,40,2e+05,40000,2.39,478000,2010,160000
"545","WI",64000,64,4096000,1556000,1.68,6881000,2010,2540000
"546","WY",34000,36,1224000,282000,1.59,1946000,2010,942000
"547","AL",9000,50,450000,63000,2.51,1130000,2011,387000
"548","AZ",23000,53,1219000,427000,1.55,1889000,2011,792000
"549","AR",22000,64,1408000,239000,1.62,2281000,2011,1169000
"550","CA",370000,48,17760000,3730000,1.65,29304000,2011,14030000
"551","CO",31000,55,1705000,443000,2,3410000,2011,1262000
"552","FL",180000,61,10980000,988000,1.68,18446000,2011,9992000
"553","GA",65000,43,2795000,196000,1.65,4612000,2011,2599000
"554","HI",9000,74,666000,246000,3.65,2431000,2011,420000
"555","ID",87000,36,3132000,1879000,1.78,5575000,2011,1253000
"556","IL",7000,50,350000,98000,3.9,1365000,2011,252000
"557","IN",8000,51,408000,147000,2.14,873000,2011,261000
"558","IA",25000,62,1550000,961000,1.96,3038000,2011,589000
"559","KS",7000,44,308000,117000,2.15,662000,2011,191000
"560","KY",4000,39,156000,12000,3.17,495000,2011,144000
"561","LA",36000,77,2772000,471000,1.67,4629000,2011,2301000
"562","ME",4000,30,120000,17000,1.98,238000,2011,103000
"563","MI",74000,64,4736000,2084000,1.81,8572000,2011,2652000
"564","MN",120000,53,6360000,2099000,1.63,10367000,2011,4261000
"565","MS",18000,115,2070000,104000,1.53,3167000,2011,1966000
"566","MO",8000,43,344000,76000,2.14,736000,2011,268000
"567","MT",145000,92,13340000,3202000,1.7,22678000,2011,10138000
"568","NE",41000,59,2419000,653000,1.75,4233000,2011,1766000
"569","NJ",11000,41,451000,135000,3.7,1669000,2011,316000
"570","NM",7000,56,392000,153000,1.69,662000,2011,239000
"571","NY",49000,56,2744000,1235000,1.96,5378000,2011,1509000
"572","NC",14000,62,868000,95000,2.83,2456000,2011,773000
"573","ND",460000,71,32660000,7512000,1.67,54542000,2011,25148000
"574","OH",15000,66,990000,228000,2.34,2317000,2011,762000
"575","OR",60000,34,2040000,755000,1.68,3427000,2011,1285000
"576","PA",24000,44,1056000,306000,2.55,2693000,2011,750000
"577","SD",250000,66,16500000,4290000,1.7,28050000,2011,12210000
"578","TN",7000,44,308000,68000,2.93,902000,2011,240000
"579","TX",78000,58,4524000,633000,1.78,8053000,2011,3891000
"580","UT",23000,39,897000,170000,1.75,1570000,2011,727000
"581","VT",4000,43,172000,43000,2.31,397000,2011,129000
"582","VA",4000,40,160000,21000,4.07,651000,2011,139000
"583","WA",71000,38,2698000,836000,1.93,5207000,2011,1862000
"584","WV",4000,53,212000,45000,2.57,545000,2011,167000
"585","WI",57000,63,3591000,1508000,1.89,6787000,2011,2083000
"586","WY",35000,54,1890000,265000,1.72,3251000,2011,1625000
"587","AL",8000,54,432000,65000,2.47,1067000,2012,367000
"588","AZ",22000,46,1012000,253000,1.79,1811000,2012,759000
"589","AR",25000,63,1575000,189000,1.98,3119000,2012,1386000
"590","CA",330000,35,11550000,3119000,1.94,22407000,2012,8431000
"591","CO",25000,48,1200000,468000,2.07,2484000,2012,732000
"592","FL",193000,64,12352000,1235000,1.84,22728000,2012,11117000
"593","GA",59000,51,3009000,181000,1.92,5777000,2012,2828000
"594","HI",10000,75,750000,263000,4.15,3113000,2012,487000
"595","ID",92000,32,2944000,530000,1.63,4799000,2012,2414000
"596","IL",7000,61,427000,145000,3.55,1516000,2012,282000
"597","IN",8000,59,472000,203000,2.54,1199000,2012,269000
"598","IA",37000,61,2257000,1196000,2.17,4898000,2012,1061000
"599","KS",6000,55,330000,125000,2.28,752000,2012,205000
"600","KY",5000,51,255000,41000,3.15,803000,2012,214000
"601","LA",41000,86,3526000,141000,1.83,6453000,2012,3385000
"602","ME",4000,34,136000,24000,2.39,325000,2012,112000
"603","MI",73000,57,4161000,1332000,2.03,8447000,2012,2829000
"604","MN",125000,67,8375000,1591000,1.92,16080000,2012,6784000
"605","MS",18000,118,2124000,64000,1.77,3759000,2012,2060000
"606","MO",7000,53,371000,108000,2.8,1039000,2012,263000
"607","MT",145000,52,7540000,2413000,1.95,14703000,2012,5127000
"608","NE",43000,65,2795000,1146000,1.93,5394000,2012,1649000
"609","NJ",14000,33,462000,51000,1.97,910000,2012,411000
"610","NM",5000,52,260000,99000,3.39,881000,2012,161000
"611","NY",51000,51,2601000,988000,2.23,5800000,2012,1613000
"612","NC",13000,39,507000,106000,3.76,1906000,2012,401000
"613","ND",480000,69,33120000,5962000,1.92,63590000,2012,27158000
"614","OH",18000,60,1080000,410000,2.46,2657000,2012,670000
"615","OR",60000,32,1920000,845000,2.16,4147000,2012,1075000
"616","PA",16000,60,960000,269000,2.57,2467000,2012,691000
"617","SD",260000,63,16380000,3604000,1.95,31941000,2012,12776000
"618","TN",6000,61,366000,59000,2.93,1072000,2012,307000
"619","TX",92000,52,4784000,718000,2,9568000,2012,4066000
"620","UT",25000,38,950000,209000,1.87,1777000,2012,741000
"621","VT",4000,60,240000,53000,2.39,574000,2012,187000
"622","VA",4000,41,164000,23000,3.77,618000,2012,141000
"623","WA",62000,41,2542000,1017000,2.38,6050000,2012,1525000
"624","WV",6000,48,288000,95000,2.91,838000,2012,193000
"625","WI",60000,69,4140000,1863000,2.05,8487000,2012,2277000
"626","WY",50000,51,2550000,459000,1.87,4769000,2012,2091000
